City_ID,City,Country,Date,Lat,Lng,Max Temp,Humidity,Cloudiness,Wind Speed
0,Jatai,BR,2021-09-20 02:57:08,-17.8814,-51.7144,77.18,20,12,3.2
1,Huarmey,PE,2021-09-20 02:57:24,-10.0681,-78.1522,61.29,81,13,10.36
2,Kapaa,US,2021-09-20 02:57:25,22.0752,-159.319,80.58,71,83,4.0
3,Ribeira Grande,PT,2021-09-20 02:57:26,38.5167,-28.7,69.62,68,25,11.92
4,Clyde River,CA,2021-09-20 02:57:26,70.4692,-68.5914,28.54,61,85,2.68
5,Barrow,US,2021-09-20 02:57:26,71.2906,-156.7887,30.22,86,75,16.11
6,Atuona,PF,2021-09-20 02:54:56,-9.8,-139.0333,78.24,75,13,21.07
7,San Cristobal,VE,2021-09-20 02:57:27,7.7669,-72.225,73.58,97,79,1.95
8,College,US,2021-09-20 02:57:27,64.8569,-147.8028,49.59,64,75,2.3
9,Talaya,RU,2021-09-20 02:57:28,61.3833,152.75,40.33,96,100,4.12
10,Korla,CN,2021-09-20 02:56:17,41.7597,86.1469,81.46,17,0,3.36
11,Ampanihy,MG,2021-09-20 02:57:28,-24.7,44.75,57.09,85,0,8.63
12,Cape Town,ZA,2021-09-20 02:56:47,-33.9258,18.4232,59.88,82,75,4.0
13,Souillac,MU,2021-09-20 02:57:29,-20.5167,57.5167,66.58,72,20,5.75
14,Laem Sing,TH,2021-09-20 02:57:30,12.4816,102.0738,85.41,100,99,1.54
15,Rikitea,PF,2021-09-20 02:54:59,-23.1203,-134.9692,74.01,77,10,13.0
16,Tiksi,RU,2021-09-20 02:57:30,71.6872,128.8694,34.92,69,90,18.54
17,Hermanus,ZA,2021-09-20 02:55:22,-34.4187,19.2345,55.9,83,31,18.25
18,Punta Arenas,CL,2021-09-20 02:55:02,-53.15,-70.9167,41.11,70,20,18.41
19,Port Alfred,ZA,2021-09-20 02:57:31,-33.5906,26.891,57.81,88,51,11.95
20,Haines Junction,CA,2021-09-20 02:55:04,60.7522,-137.5108,55.35,41,96,3.44
21,Gwadar,PK,2021-09-20 02:57:32,25.1216,62.3254,80.6,84,16,7.0
22,Kodiak,US,2021-09-20 02:54:31,57.79,-152.4072,47.86,76,91,7.34
23,Ushuaia,AR,2021-09-20 02:57:32,-54.8,-68.3,40.66,75,75,23.02
24,Nyimba,ZM,2021-09-20 02:57:33,-14.5566,30.8149,61.54,68,0,4.03
25,Albany,US,2021-09-20 02:57:33,42.6001,-73.9662,56.73,88,0,2.82
26,Te Anau,NZ,2021-09-20 02:57:34,-45.4167,167.7167,45.07,94,100,5.55
27,Vaini,TO,2021-09-20 02:55:00,-21.2,-175.2,77.16,73,20,13.8
28,Chisinau,MD,2021-09-20 02:57:34,47.0056,28.8575,47.93,97,0,5.75
29,Tuktoyaktuk,CA,2021-09-20 02:57:35,69.4541,-133.0374,42.8,61,20,9.22
30,Baghdad,IQ,2021-09-20 02:57:35,33.3406,44.4009,75.11,41,0,4.61
31,Deputatskiy,RU,2021-09-20 02:57:36,69.3,139.9,24.78,79,100,9.8
32,Nikolskoye,RU,2021-09-20 02:55:15,59.7035,30.7861,40.89,81,100,9.04
33,Chincha Alta,PE,2021-09-20 02:57:36,-13.4099,-76.1323,59.59,81,19,3.36
34,Leningradskiy,RU,2021-09-20 02:57:37,69.3833,178.4167,28.87,83,98,17.96
35,Hithadhoo,MV,2021-09-20 02:57:38,-0.6,73.0833,83.1,72,48,6.73
36,Lorengau,PG,2021-09-20 02:54:56,-2.0226,147.2712,85.14,68,65,7.2
37,Mataura,NZ,2021-09-20 02:57:38,-46.1927,168.8643,61.48,56,78,8.72
38,Ilulissat,GL,2021-09-20 02:57:39,69.2167,-51.1,16.02,69,100,6.42
39,Esperance,AU,2021-09-20 02:57:39,-33.8667,121.9,57.04,55,19,13.02
40,Margate,GB,2021-09-20 02:57:40,51.3813,1.3862,61.3,94,100,11.41
41,Asyut,EG,2021-09-20 02:57:40,27.181,31.1837,77.18,33,0,6.08
42,Saint-Philippe,RE,2021-09-20 02:57:41,-21.3585,55.7679,63.99,80,43,12.77
43,Araouane,ML,2021-09-20 02:57:41,18.9048,-3.5265,92.73,16,1,7.4
44,Jamestown,US,2021-09-20 02:54:02,42.097,-79.2353,64.04,74,1,1.01
45,Shubarshi,KZ,2021-09-20 02:57:42,48.5872,57.1869,44.47,42,9,6.13
46,Narsaq,GL,2021-09-20 02:57:42,60.9167,-46.05,36.88,86,79,3.18
47,Kaitangata,NZ,2021-09-20 02:57:43,-46.2817,169.8464,59.0,55,95,3.47
48,Camacha,PT,2021-09-20 02:57:43,33.0833,-16.3333,68.76,73,40,8.05
49,Carballo,ES,2021-09-20 02:57:44,43.213,-8.691,58.91,91,97,5.55
50,Avarua,CK,2021-09-20 02:57:44,-21.2078,-159.775,78.85,73,40,11.5
51,Kensington,AU,2021-09-20 02:57:45,-33.9167,151.2167,82.76,22,0,17.27
52,Krasnoselkup,RU,2021-09-20 02:57:45,65.7,82.4667,39.74,89,100,10.83
53,Sumbe,AO,2021-09-20 02:57:46,-11.2061,13.8437,70.61,88,95,7.87
54,Harper,LR,2021-09-20 02:57:47,4.375,-7.7169,77.47,84,24,1.92
55,Teya,RU,2021-09-20 02:57:47,60.3778,92.6267,46.18,84,98,4.63
56,Vardo,NO,2021-09-20 02:57:48,70.3705,31.1107,43.0,75,100,25.84
57,Saskylakh,RU,2021-09-20 02:57:48,71.9167,114.0833,32.34,81,100,8.21
58,Labuhan,ID,2021-09-20 02:57:49,-6.8844,112.2051,87.28,54,5,3.76
59,Hobart,AU,2021-09-20 02:54:25,-42.8794,147.3294,53.26,63,75,5.99
60,Bluff,NZ,2021-09-20 02:55:07,-46.6,168.3333,61.81,68,98,14.43
61,Nieves,PH,2021-09-20 02:57:50,15.3274,120.9485,85.95,70,87,4.25
62,Busselton,AU,2021-09-20 02:57:50,-33.65,115.3333,58.05,53,0,13.18
63,Haysyn,UA,2021-09-20 02:57:51,48.8114,29.3898,44.1,86,100,12.41
64,Nyurba,RU,2021-09-20 02:57:51,63.2842,118.3319,40.8,47,11,1.28
65,Altay,CN,2021-09-20 02:57:52,47.8667,88.1167,61.12,30,100,11.99
66,Ahipara,NZ,2021-09-20 02:57:53,-35.1667,173.1667,60.19,65,0,7.99
67,Snezhnogorsk,RU,2021-09-20 02:57:53,69.1933,33.2531,22.78,83,36,9.19
68,Santa Cruz,BO,2021-09-20 02:57:10,-17.8,-63.1667,81.86,65,65,10.36
69,Acapulco,MX,2021-09-20 02:57:54,16.8634,-99.8901,79.41,82,55,2.57
70,Neyvo-Shaytanskiy,RU,2021-09-20 02:57:54,57.7286,61.2496,33.49,80,89,8.97
71,Niamey,NE,2021-09-20 02:57:55,13.5137,2.1098,84.49,70,0,10.36
72,Yellowknife,CA,2021-09-20 02:57:56,62.456,-114.3525,43.32,81,40,5.75
73,Carnarvon,AU,2021-09-20 02:57:56,-24.8667,113.6333,86.07,9,0,21.85
74,Hilo,US,2021-09-20 02:57:56,19.7297,-155.09,79.29,80,90,0.0
75,Fushe-Arrez,AL,2021-09-20 02:57:57,42.0622,20.0167,60.6,92,5,5.32
76,Dikson,RU,2021-09-20 02:57:57,73.5069,80.5464,35.28,76,100,17.69
77,San Patricio,US,2021-09-20 02:57:58,28.017,-97.5169,83.84,68,0,12.62
78,Belmonte,BR,2021-09-20 02:57:59,-15.8631,-38.8828,73.9,85,13,6.08
79,Chateaubelair,VC,2021-09-20 02:57:59,13.2833,-61.25,79.29,72,22,0.65
80,Andenes,NO,2021-09-20 02:57:59,69.3143,16.1194,44.58,81,100,9.22
81,Vestmannaeyjar,IS,2021-09-20 02:56:01,63.4427,-20.2734,51.44,89,86,23.2
82,Khatanga,RU,2021-09-20 02:58:00,71.9667,102.5,32.02,100,100,13.11
83,Bredasdorp,ZA,2021-09-20 02:58:00,-34.5322,20.0403,51.12,82,0,5.75
84,Iranshahr,IR,2021-09-20 02:58:01,27.2025,60.6848,86.34,45,0,0.0
85,Ispravnaya,RU,2021-09-20 02:58:01,44.0682,41.6102,52.72,77,64,5.95
86,Katsuura,JP,2021-09-20 02:58:02,35.1333,140.3,78.84,61,39,18.3
87,Fallon,US,2021-09-20 02:58:02,39.4735,-118.7774,64.27,32,54,18.86
88,Mecca,SA,2021-09-20 02:58:03,21.4267,39.8261,84.13,36,84,5.37
89,Cabo San Lucas,MX,2021-09-20 02:55:01,22.8909,-109.9124,84.61,81,8,3.27
90,Masuda,JP,2021-09-20 02:58:04,34.6667,131.85,79.07,65,20,8.05
91,Matagami,CA,2021-09-20 02:58:04,49.7502,-77.6328,60.91,59,40,17.27
92,Sao Filipe,CV,2021-09-20 02:58:05,14.8961,-24.4956,79.47,84,100,9.15
93,Celestun,MX,2021-09-20 02:58:05,20.8667,-90.4,81.73,82,21,12.84
94,Buraydah,SA,2021-09-20 02:54:25,26.326,43.975,81.05,22,2,8.84
95,Bari Sadri,IN,2021-09-20 02:58:06,24.4167,74.4667,77.34,89,60,10.45
96,Carauari,BR,2021-09-20 02:58:06,-4.8828,-66.8958,76.37,79,11,0.78
97,West Wendover,US,2021-09-20 02:58:07,40.7391,-114.0733,58.12,35,35,15.19
98,Saint George,US,2021-09-20 02:58:07,37.1041,-113.5841,82.8,16,0,2.53
99,Isla Vista,US,2021-09-20 02:58:08,34.4133,-119.861,71.67,66,5,1.99
100,Madanapalle,IN,2021-09-20 02:58:08,13.55,78.5,81.19,55,100,4.36
101,Havelock,US,2021-09-20 02:58:08,34.8791,-76.9013,77.95,92,84,5.75
102,Thompson,CA,2021-09-20 02:56:12,55.7435,-97.8558,53.76,76,90,12.66
103,Kavaratti,IN,2021-09-20 02:58:09,10.5669,72.642,81.59,78,92,10.63
104,Portland,US,2021-09-20 02:54:28,45.5234,-122.6762,61.56,86,17,5.01
105,Chuy,UY,2021-09-20 02:58:10,-33.6971,-53.4616,62.47,99,100,4.72
106,Saldanha,ZA,2021-09-20 02:58:11,-33.0117,17.9442,57.25,85,85,14.58
107,Puerto Ayora,EC,2021-09-20 02:58:11,-0.7393,-90.3518,67.55,95,49,1.01
108,Bologoye,RU,2021-09-20 02:58:12,57.8799,34.1068,39.78,73,100,13.22
109,Aguilas,ES,2021-09-20 02:58:12,37.4063,-1.5829,73.33,77,17,6.31
110,Rio Gallegos,AR,2021-09-20 02:58:13,-51.6226,-69.2181,44.65,65,0,12.66
111,East London,ZA,2021-09-20 02:58:13,-33.0153,27.9116,59.76,83,21,12.06
112,Upernavik,GL,2021-09-20 02:58:13,72.7868,-56.1549,25.5,66,97,9.37
113,Castro,BR,2021-09-20 02:58:14,-24.7911,-50.0119,65.28,83,100,4.21
114,Pevek,RU,2021-09-20 02:58:15,69.7008,170.3133,30.74,69,71,2.75
115,Mangrol,IN,2021-09-20 02:58:15,21.1167,70.1167,81.48,83,16,4.18
116,Kavieng,PG,2021-09-20 02:58:16,-2.5744,150.7967,84.04,70,97,6.31
117,Tuatapere,NZ,2021-09-20 02:58:16,-46.1333,167.6833,61.83,79,100,9.31
118,Merauke,ID,2021-09-20 02:58:17,-8.4667,140.3333,80.67,79,99,11.61
119,Homer,US,2021-09-20 02:58:17,59.6425,-151.5483,59.07,65,52,0.16
120,Turbat,PK,2021-09-20 02:58:18,26.0023,63.044,80.49,80,0,4.85
121,Fortuna,US,2021-09-20 02:56:11,40.5982,-124.1573,58.12,88,1,11.5
122,Campo Maior,BR,2021-09-20 02:58:19,-4.8278,-42.1686,80.15,61,99,7.58
123,Manado,ID,2021-09-20 02:58:19,1.487,124.8455,86.77,74,40,5.75
124,Banda Aceh,ID,2021-09-20 02:58:20,5.5577,95.3222,79.56,75,100,8.86
125,Mahibadhoo,MV,2021-09-20 02:58:20,3.7833,72.9667,82.78,74,89,8.75
126,Tasiilaq,GL,2021-09-20 02:58:21,65.6145,-37.6368,23.32,69,34,5.01
127,Arraial Do Cabo,BR,2021-09-20 02:58:21,-22.9661,-42.0278,71.65,88,100,12.39
128,Norman Wells,CA,2021-09-20 02:58:22,65.282,-126.8329,44.64,76,75,6.91
129,Calvia,ES,2021-09-20 02:58:22,39.5657,2.5062,67.08,89,0,3.83
130,Tual,ID,2021-09-20 02:58:23,-5.6667,132.75,80.17,81,59,17.83
131,Mount Isa,AU,2021-09-20 02:58:23,-20.7333,139.5,91.17,18,10,12.66
132,Evensk,RU,2021-09-20 02:58:24,61.95,159.2333,48.34,87,100,11.63
133,Verkhnyaya Inta,RU,2021-09-20 02:58:24,65.9811,60.3094,34.83,79,90,5.23
134,Oranjestad,AW,2021-09-20 02:58:25,12.524,-70.027,82.35,78,20,13.8
135,Morehead,US,2021-09-20 02:58:25,37.2711,-87.1764,72.3,96,90,3.44
136,Airai,TL,2021-09-20 02:58:26,-8.9266,125.4092,76.96,34,11,6.89
137,Povenets,RU,2021-09-20 02:58:26,62.8487,34.8262,40.75,70,70,8.63
138,Buta,CD,2021-09-20 02:58:27,2.7858,24.73,69.85,99,100,2.24
139,Funchal,PT,2021-09-20 02:58:27,32.6333,-16.9,72.23,83,75,1.99
140,Guerrero Negro,MX,2021-09-20 02:58:28,27.9769,-114.0611,68.99,79,0,15.84
141,Nhulunbuy,AU,2021-09-20 02:58:28,-12.2333,136.7667,86.61,58,40,18.41
142,Lebu,CL,2021-09-20 02:58:29,-37.6167,-73.65,46.87,84,1,15.23
143,Powell,US,2021-09-20 02:54:51,40.1578,-83.0752,75.67,76,100,1.99
144,Pionerskiy,RU,2021-09-20 02:58:29,54.9508,20.2275,48.04,72,100,16.58
145,Salalah,OM,2021-09-20 02:58:30,17.0151,54.0924,79.29,80,9,4.56
146,Thabazimbi,ZA,2021-09-20 02:58:30,-24.5917,27.4116,61.11,46,1,7.14
147,Yumen,CN,2021-09-20 02:55:39,40.2833,97.2,76.87,14,32,12.48
148,Havre-Saint-Pierre,CA,2021-09-20 02:58:31,50.2334,-63.5986,48.2,81,1,5.75
149,Coihueco,CL,2021-09-20 02:58:31,-36.6167,-71.8333,45.34,71,4,6.91
150,Severo-Kurilsk,RU,2021-09-20 02:58:32,50.6789,156.125,51.85,74,36,15.99
151,Komsomolskiy,UZ,2021-09-20 02:58:32,40.4272,71.7189,68.72,37,0,2.3
152,San Buenaventura,MX,2021-09-20 02:58:33,27.0833,-101.5333,85.12,52,0,7.0
153,Bengkulu,ID,2021-09-20 02:58:34,-3.8004,102.2655,80.98,71,46,1.95
154,Sangar,RU,2021-09-20 02:58:34,63.9242,127.4739,43.23,62,67,6.8
155,Kodinsk,RU,2021-09-20 02:58:34,58.6881,99.1844,52.86,90,100,2.46
156,Roebourne,AU,2021-09-20 02:58:35,-20.7833,117.1333,89.96,13,15,22.08
157,Aksarka,RU,2021-09-20 02:58:35,66.5606,67.7975,33.78,89,99,18.43
158,Praia,CV,2021-09-20 02:58:36,14.9215,-23.5087,79.9,87,100,5.46
159,Arman,RU,2021-09-20 02:58:36,59.7,150.1667,46.51,90,100,2.84
160,Koping,SE,2021-09-20 02:58:37,59.514,15.9926,47.17,70,97,4.27
161,Taltal,CL,2021-09-20 02:55:36,-25.4,-70.4833,59.97,73,0,6.53
162,Srednekolymsk,RU,2021-09-20 02:58:37,67.45,153.6833,38.44,34,100,21.72
163,Vila,PT,2021-09-20 02:58:38,42.0304,-8.1588,51.33,86,56,5.95
164,Mpulungu,ZM,2021-09-20 02:58:38,-8.7623,31.1141,72.48,63,13,6.64
165,Shurugwi,ZW,2021-09-20 02:58:39,-19.6702,30.0059,53.73,53,4,5.37
166,Shestakovo,RU,2021-09-20 02:58:39,56.4915,103.96,63.12,55,100,6.55
167,Yaan,NG,2021-09-20 02:58:40,7.3833,8.5667,72.39,97,82,5.75
168,Bethel,US,2021-09-20 02:58:40,41.3712,-73.414,62.67,87,0,3.47
169,Bilibino,RU,2021-09-20 02:58:41,68.0546,166.4372,27.99,61,98,4.47
170,Whitehorse,CA,2021-09-20 02:58:41,60.7161,-135.0538,50.77,53,40,5.75
171,Sovetskaya,RU,2021-09-20 02:58:42,44.7769,41.1722,57.11,83,97,4.56
172,Ferzikovo,RU,2021-09-20 02:58:42,54.5191,36.7567,44.24,95,100,17.4
173,Kindu,CD,2021-09-20 02:58:43,-2.95,25.95,68.05,99,100,2.42
174,Fleurus,BE,2021-09-20 02:58:43,50.4843,4.5518,55.67,95,20,2.3
175,Nanortalik,GL,2021-09-20 02:58:44,60.1432,-45.2371,36.59,90,44,9.78
176,Castries,LC,2021-09-20 02:58:44,13.9957,-61.0061,78.75,72,8,2.3
177,Mahebourg,MU,2021-09-20 02:58:44,-20.4081,57.7,66.49,72,20,5.75
178,Iqaluit,CA,2021-09-20 02:58:45,63.7506,-68.5145,28.13,86,40,6.91
179,Candido De Abreu,BR,2021-09-20 02:58:46,-24.5669,-51.3333,68.94,84,66,3.47
180,Asuncion,PY,2021-09-20 02:58:46,-25.3007,-57.6359,81.84,61,3,4.61
181,Mar Del Plata,AR,2021-09-20 02:57:08,-38.0023,-57.5575,55.42,100,90,5.75
182,Mersing,MY,2021-09-20 02:58:47,2.4312,103.8405,84.11,74,40,4.61
183,Butaritari,KI,2021-09-20 02:58:47,3.0707,172.7902,83.26,65,4,11.83
184,San Angelo,US,2021-09-20 02:57:39,31.4638,-100.437,83.43,46,0,3.0
185,Kaseda,JP,2021-09-20 02:58:48,31.4167,130.3167,85.23,68,6,3.27
186,Vila Franca Do Campo,PT,2021-09-20 02:58:48,37.7167,-25.4333,68.41,78,30,8.08
187,Hay River,CA,2021-09-20 02:58:49,60.8156,-115.7999,46.38,87,75,3.44
188,Grand Forks,US,2021-09-20 02:56:20,47.9417,-97.4337,68.79,43,57,5.7
189,Bambous Virieux,MU,2021-09-20 02:58:49,-20.3428,57.7575,66.45,72,20,5.75
190,Caldwell,US,2021-09-20 02:56:08,43.6629,-116.6874,59.61,56,1,1.01
191,San Quintin,MX,2021-09-20 02:58:50,30.4833,-115.95,67.42,79,0,10.29
192,Pangnirtung,CA,2021-09-20 02:58:50,66.1451,-65.7125,30.88,81,16,8.72
193,Cap Malheureux,MU,2021-09-20 02:58:51,-19.9842,57.6142,66.69,64,32,4.0
194,Zhangye,CN,2021-09-20 02:58:51,38.9342,100.4517,74.01,20,3,2.04
195,Hirara,JP,2021-09-20 02:58:52,24.8,125.2833,85.86,84,40,5.75
196,Qaanaaq,GL,2021-09-20 02:58:52,77.484,-69.3632,10.53,81,18,7.85
197,Sechura,PE,2021-09-20 02:58:53,-5.5569,-80.8222,63.81,79,10,14.74
198,Port Elizabeth,ZA,2021-09-20 02:58:53,-33.918,25.5701,55.69,82,0,10.36
199,Sinop,TR,2021-09-20 02:58:54,41.7711,34.8709,60.37,78,78,5.53
200,Kasongo,CD,2021-09-20 02:58:54,-4.45,26.6667,67.17,93,76,3.2
201,Grindavik,IS,2021-09-20 02:58:55,63.8424,-22.4338,51.75,100,75,16.11
202,Tura,IN,2021-09-20 02:56:50,25.5198,90.2201,79.36,79,49,4.07
203,Sheltozero,RU,2021-09-20 02:58:55,61.3667,35.3667,40.51,72,71,11.9
204,Limoeiro Do Norte,BR,2021-09-20 02:54:54,-5.1456,-38.0981,75.81,69,57,7.4
205,Torbay,CA,2021-09-20 02:58:56,47.6666,-52.7314,54.88,97,90,32.21
206,Kununurra,AU,2021-09-20 02:58:57,-15.7667,128.7333,96.78,32,5,10.36
207,Weiser,US,2021-09-20 02:58:58,44.251,-116.9693,58.48,60,6,6.26
208,Lat Yao,TH,2021-09-20 02:58:58,15.751,99.7893,83.79,76,100,2.64
209,Sitka,US,2021-09-20 02:58:58,57.0531,-135.33,52.63,81,42,2.86
210,Port Augusta,AU,2021-09-20 02:55:10,-32.5,137.7667,62.74,27,28,20.2
211,Abbeyfeale,IE,2021-09-20 02:58:59,52.3814,-9.3025,56.59,98,78,5.01
212,Zhigansk,RU,2021-09-20 02:59:00,66.7697,123.3711,37.17,60,16,10.63
213,Vallenar,CL,2021-09-20 02:59:00,-28.5708,-70.7581,58.53,56,0,3.09
214,Cheboksary,RU,2021-09-20 02:59:01,56.1322,47.2519,30.79,100,0,2.24
215,Wismar,DE,2021-09-20 02:59:01,53.9,11.4667,53.26,79,91,7.2
216,Tadine,NC,2021-09-20 02:59:02,-21.55,167.8833,72.43,56,19,14.94
217,Haukipudas,FI,2021-09-20 02:59:02,65.1765,25.3523,41.05,91,99,7.02
218,Maarianhamina,AX,2021-09-20 02:59:03,60.0973,19.9348,42.66,81,75,6.91
219,Natchitoches,US,2021-09-20 02:59:03,31.7668,-93.1335,73.38,100,1,0.0
220,Palmer,US,2021-09-20 02:59:04,42.1584,-72.3287,59.63,81,0,2.08
221,Sandpoint,US,2021-09-20 02:59:04,48.2766,-116.5533,50.45,92,1,0.0
222,Hami,CN,2021-09-20 02:55:06,42.8,93.45,83.19,13,2,4.54
223,Pisco,PE,2021-09-20 02:59:05,-13.7,-76.2167,60.85,82,75,12.66
224,Bose,IT,2021-09-20 02:59:05,45.4612,8.0137,56.3,87,24,4.85
225,Pirae,PF,2021-09-20 02:59:06,-17.5167,-149.5333,80.62,54,75,17.27
226,Port Said,EG,2021-09-20 02:59:06,31.2565,32.2841,76.98,83,0,9.22
227,Sahuaripa,MX,2021-09-20 02:59:07,29.05,-109.2333,72.16,90,56,7.05
228,Seoul,KR,2021-09-20 02:57:00,37.5683,126.9778,79.21,53,0,10.36
229,Ossora,RU,2021-09-20 02:59:07,59.2353,163.0719,52.2,83,71,14.36
230,Felanitx,ES,2021-09-20 02:59:08,39.4696,3.1483,67.14,78,1,1.41
231,Mahanoro,MG,2021-09-20 02:59:08,-19.9,48.8,66.29,86,100,1.07
232,Sibolga,ID,2021-09-20 02:59:09,1.7427,98.7792,82.69,61,92,0.78
233,New Norfolk,AU,2021-09-20 02:55:03,-42.7826,147.0587,52.92,69,49,4.0
234,Gat,IL,2021-09-20 02:57:03,31.61,34.7642,78.4,71,0,3.94
235,Faanui,PF,2021-09-20 02:55:06,-16.4833,-151.75,78.53,74,71,17.67
236,Schrobenhausen,DE,2021-09-20 02:59:10,48.55,11.2667,54.72,82,100,0.0
237,Marzuq,YE,2021-09-20 02:59:12,14.4,46.4667,75.74,41,54,0.72
238,Hualmay,PE,2021-09-20 02:59:13,-11.0964,-77.6139,60.55,81,26,10.0
239,Victoria,HK,2021-09-20 02:59:05,22.2855,114.1577,87.85,83,14,5.97
240,Roald,NO,2021-09-20 02:59:14,62.5833,6.1333,59.16,94,90,5.75
241,Plettenberg Bay,ZA,2021-09-20 02:59:15,-34.0527,23.3716,55.51,85,34,3.4
242,Contamana,PE,2021-09-20 02:59:16,-7.3333,-75.0167,79.84,56,40,1.79
243,Havoysund,NO,2021-09-20 02:59:17,70.9963,24.6622,47.28,74,100,12.88
244,Saint Anthony,US,2021-09-20 02:56:25,45.0205,-93.218,80.91,61,40,7.0
245,Ancud,CL,2021-09-20 02:54:58,-41.8697,-73.8203,45.43,88,30,4.74
246,Buerarema,BR,2021-09-20 02:59:17,-14.9594,-39.2997,63.72,98,32,0.6
247,Kwinana,AU,2021-09-20 02:59:19,-32.25,115.7667,64.31,54,0,1.01
248,Cubuk,TR,2021-09-20 02:59:19,40.2386,33.0322,58.96,82,75,3.44
249,Champerico,GT,2021-09-20 02:59:20,14.3,-91.9167,81.36,80,100,1.63
250,Lethem,GY,2021-09-20 02:59:20,3.3803,-59.7968,76.28,82,100,6.24
251,Port Lincoln,AU,2021-09-20 02:59:21,-34.7333,135.8667,54.25,58,100,25.03
252,Makakilo City,US,2021-09-20 02:59:21,21.3469,-158.0858,79.68,73,41,19.04
253,Shimoda,JP,2021-09-20 02:59:22,34.6667,138.95,77.36,55,0,15.86
254,Lata,PT,2021-09-20 02:59:22,40.1629,-8.3327,61.21,95,32,2.68
255,Hervey Bay,AU,2021-09-20 02:59:04,-25.2986,152.8535,80.04,68,0,12.41
256,Noumea,NC,2021-09-20 02:59:23,-22.2763,166.4572,76.98,56,3,20.51
257,Chara,RU,2021-09-20 02:59:24,56.9064,118.2631,55.45,50,48,1.59
258,Wawa,NG,2021-09-20 02:59:24,9.9022,4.4192,73.71,94,76,6.29
259,Nelson Bay,AU,2021-09-20 02:59:25,-32.7167,152.15,79.29,34,0,1.99
260,Hobyo,SO,2021-09-20 02:56:16,5.3505,48.5268,77.11,83,32,21.16
261,Okhotsk,RU,2021-09-20 02:59:25,59.3833,143.3,52.5,55,100,7.52
262,Karratha,AU,2021-09-20 02:59:26,-20.7377,116.8463,90.23,13,24,23.22
263,Trelew,AR,2021-09-20 02:59:27,-43.249,-65.3051,51.76,47,3,3.42
264,Port Hueneme,US,2021-09-20 02:57:18,34.1478,-119.1951,75.15,83,3,3.65
265,Skibbereen,IE,2021-09-20 02:59:27,51.55,-9.2667,57.0,93,55,9.53
266,Ilebo,CD,2021-09-20 02:59:28,-4.3167,20.5833,67.64,89,100,1.01
267,Ahuimanu,US,2021-09-20 02:59:28,21.4447,-157.8378,80.85,73,70,17.78
268,High Prairie,CA,2021-09-20 02:59:29,55.4334,-116.4858,47.5,80,80,5.55
269,Cururupu,BR,2021-09-20 02:59:29,-1.8283,-44.8683,74.12,89,100,3.33
270,Omboue,GA,2021-09-20 02:59:30,-1.5746,9.2618,74.79,85,100,3.36
271,Dzilam Gonzalez,MX,2021-09-20 02:59:30,21.2833,-88.9333,79.59,79,51,6.4
272,Geraldton,AU,2021-09-20 02:59:30,-28.7667,114.6,75.61,38,0,20.71
273,Beringovskiy,RU,2021-09-20 02:54:55,63.05,179.3167,35.58,87,100,3.36
274,Isiro,CD,2021-09-20 02:59:31,2.7739,27.616,64.63,100,99,2.13
275,Brownwood,US,2021-09-20 02:59:31,31.7093,-98.9912,83.97,44,1,0.0
276,Marondera,ZW,2021-09-20 02:59:32,-18.1853,31.5519,44.94,81,0,3.94
277,Botou,CN,2021-09-20 02:59:32,38.0667,116.5667,61.5,91,100,18.03
278,Tam Ky,VN,2021-09-20 02:59:33,15.5667,108.4833,85.98,78,100,3.83
279,Katobu,ID,2021-09-20 02:59:33,-4.9408,122.5276,74.61,93,100,5.03
280,Novobiryusinskiy,RU,2021-09-20 02:59:34,56.9578,97.7076,55.45,87,100,3.58
281,Hambantota,LK,2021-09-20 02:59:34,6.1241,81.1185,82.74,94,20,6.91
282,Terney,RU,2021-09-20 02:59:35,45.0503,136.6092,66.97,37,41,4.16
283,Mildura,AU,2021-09-20 02:59:35,-34.2,142.15,61.07,36,75,16.11
284,Tevaitoa,PF,2021-09-20 02:59:36,-16.7833,-151.5,78.71,72,39,17.74
285,Vaitape,PF,2021-09-20 02:59:37,-16.5167,-151.75,78.53,74,69,17.74
286,Bar Harbor,US,2021-09-20 02:59:37,44.3876,-68.2039,57.85,75,0,5.01
287,Aksaray,TR,2021-09-20 02:59:38,38.3726,34.0254,56.79,57,12,3.31
288,Kurilsk,RU,2021-09-20 02:59:38,45.2333,147.8833,57.33,59,0,10.11
289,Provideniya,RU,2021-09-20 02:59:38,64.3833,-173.3,37.51,48,40,13.42
290,Japura,ID,2021-09-20 02:59:39,-0.3167,102.35,87.93,58,23,1.52
291,Vao,NC,2021-09-20 02:56:19,-22.6667,167.4833,67.69,67,83,16.53
292,Qaqortoq,GL,2021-09-20 02:59:40,60.7167,-46.0333,36.64,86,48,2.98
293,Lavrentiya,RU,2021-09-20 02:59:40,65.5833,-171.0,33.57,62,74,13.15
294,Lompoc,US,2021-09-20 02:59:41,34.6391,-120.4579,67.78,83,75,10.36
295,Ayan,RU,2021-09-20 02:59:41,56.45,138.1667,49.06,42,2,18.68
296,Najran,SA,2021-09-20 02:59:42,17.4924,44.1277,77.65,21,5,2.37
297,Bridlington,GB,2021-09-20 02:59:42,54.0831,-0.1919,57.88,97,100,11.21
298,Baijiantan,CN,2021-09-20 02:59:42,45.6333,85.1833,74.97,18,77,31.05
299,Teguldet,RU,2021-09-20 02:59:43,57.3064,88.1667,44.08,72,99,8.52
300,Kirakira,SB,2021-09-20 02:59:43,-10.4544,161.9205,83.23,76,92,13.76
301,Limoges,FR,2021-09-20 02:55:45,45.75,1.3333,55.96,100,90,3.44
302,Grand Valley,CA,2021-09-20 02:59:44,43.9001,-80.3164,58.39,77,0,7.11
303,Kitgum,UG,2021-09-20 02:59:45,3.2783,32.8867,64.49,95,11,1.83
304,Punta Umbria,ES,2021-09-20 02:59:45,37.1821,-6.9661,69.24,47,0,4.56
305,Bom Jesus,BR,2021-09-20 02:59:46,-9.0744,-44.3586,74.8,36,81,0.43
306,Iralaya,HN,2021-09-20 02:59:46,15.0,-83.2333,80.08,84,22,6.33
307,Banting,MY,2021-09-20 02:59:47,2.8167,101.5,84.33,77,99,5.53
308,Sisimiut,GL,2021-09-20 02:59:47,66.9395,-53.6735,31.8,58,58,6.69
309,Yarmouth,US,2021-09-20 02:59:48,41.7057,-70.2286,64.96,68,0,7.27
310,Colares,PT,2021-09-20 02:55:24,38.7992,-9.4469,66.29,76,1,23.58
311,Yeppoon,AU,2021-09-20 02:59:48,-23.1333,150.7333,83.98,59,0,9.86
312,Bathsheba,BB,2021-09-20 02:59:49,13.2167,-59.5167,77.61,83,20,2.3
313,Aklavik,CA,2021-09-20 02:59:49,68.2191,-135.0107,45.43,58,12,5.95
314,Opuwo,NA,2021-09-20 02:59:50,-18.0607,13.84,63.52,34,5,3.44
315,Bonavista,CA,2021-09-20 02:59:50,48.6499,-53.1147,55.11,96,100,27.51
316,La Ronge,CA,2021-09-20 02:59:51,55.1001,-105.2842,50.22,66,20,2.3
317,Eyl,SO,2021-09-20 02:59:52,7.9803,49.8164,77.86,76,100,16.26
318,Agadez,NE,2021-09-20 02:59:52,19.75,10.25,80.44,14,5,9.51
319,Ostrovnoy,RU,2021-09-20 02:55:03,68.0531,39.5131,36.52,77,3,7.94
320,Kyzyl-Suu,KG,2021-09-20 02:59:53,42.3414,78.0056,62.53,39,0,2.26
321,Bandarbeyla,SO,2021-09-20 02:59:54,9.4942,50.8122,78.03,77,100,21.45
322,Xai-Xai,MZ,2021-09-20 02:59:54,-25.0519,33.6442,60.64,75,0,10.47
323,Neuquen,AR,2021-09-20 02:59:55,-38.9516,-68.0591,46.29,53,0,3.44
324,Buala,SB,2021-09-20 02:59:55,-8.145,159.5921,83.19,73,96,8.79
325,Kristianstad,SE,2021-09-20 02:59:56,56.0313,14.1524,43.18,100,20,7.96
326,Monte Azul,BR,2021-09-20 02:59:56,-15.155,-42.8747,71.38,40,8,4.83
327,San Lazaro,BZ,2021-09-20 02:59:56,18.0387,-88.6622,75.72,94,97,4.12
328,Kutum,SD,2021-09-20 02:59:57,14.2,24.6667,75.49,52,33,6.96
329,Magadan,RU,2021-09-20 02:59:57,59.5667,150.8,45.84,92,100,3.38
330,Los Llanos De Aridane,ES,2021-09-20 02:59:58,28.6585,-17.9182,69.55,83,75,6.91
331,Kenai,US,2021-09-20 02:59:59,60.5544,-151.2583,59.02,64,9,3.53
332,Lagoa,PT,2021-09-20 02:59:59,39.05,-27.9833,69.37,62,99,10.45
333,Devils Lake,US,2021-09-20 03:00:00,48.1128,-98.8651,64.94,46,71,14.0
334,Aykhal,RU,2021-09-20 03:00:00,66.0,111.5,35.87,64,100,11.95
335,Victor Harbor,AU,2021-09-20 03:00:01,-35.5667,138.6167,56.8,58,58,7.0
336,Nouadhibou,MR,2021-09-20 03:00:03,20.931,-17.0347,72.86,85,8,14.76
337,Edd,ER,2021-09-20 03:00:04,13.9297,41.6925,88.61,53,90,5.1
338,Jibuti,DJ,2021-09-20 03:00:05,11.5,42.5,84.31,40,7,2.01
339,Batticaloa,LK,2021-09-20 03:00:07,7.7102,81.6924,84.29,71,54,3.83
340,Shenjiamen,CN,2021-09-20 03:00:09,29.9576,122.298,80.11,88,8,18.63
341,Wanning,CN,2021-09-20 03:00:12,18.8003,110.3967,87.28,67,7,7.76
342,Kishtwar,IN,2021-09-20 03:00:14,33.3167,75.7667,69.53,81,84,1.39
343,Taoudenni,ML,2021-09-20 03:00:14,22.6783,-3.9836,93.07,19,1,23.02
344,Galiakot,IN,2021-09-20 03:00:16,23.5167,74.0,78.28,91,57,8.59
345,Vuktyl,RU,2021-09-20 03:00:17,63.8567,57.3094,34.88,77,97,11.41
346,Cayambe,EC,2021-09-20 03:00:18,0.05,-78.1333,49.82,85,59,4.18
347,Rawatsar,IN,2021-09-20 03:00:18,29.2833,74.3833,87.57,60,1,7.78
348,Daru,PG,2021-09-20 03:00:19,-9.0763,143.2092,78.24,88,93,18.25
349,Yamethin,MM,2021-09-20 03:00:20,20.4333,96.15,81.52,82,94,5.39
350,Dagana,MR,2021-09-20 03:00:21,16.5165,-15.5068,84.96,59,39,13.4
351,Volokonovka,RU,2021-09-20 03:00:22,50.4827,37.8563,54.03,98,76,6.04
352,Paamiut,GL,2021-09-20 02:56:22,61.994,-49.6678,35.82,80,90,13.78
353,Capreol,CA,2021-09-20 03:00:23,46.706,-80.9225,49.55,87,0,4.97
354,Dunedin,NZ,2021-09-20 03:00:24,-45.8742,170.5036,57.79,63,62,8.01
355,Tautira,PF,2021-09-20 02:57:02,-17.7333,-149.15,80.62,79,60,15.39
356,Maler Kotla,IN,2021-09-20 03:00:25,30.5167,75.8833,83.43,69,0,7.25
357,Kalmunai,LK,2021-09-20 03:00:25,7.4167,81.8167,84.38,72,50,3.58
358,Kaeo,NZ,2021-09-20 03:00:26,-35.1,173.7833,69.33,53,0,9.15
359,Alofi,NU,2021-09-20 03:00:27,-19.0595,-169.9187,77.63,72,3,5.28
360,Labuan,MY,2021-09-20 03:00:28,5.2767,115.2417,82.56,70,95,3.13
361,Garowe,SO,2021-09-20 03:00:28,8.4054,48.4845,75.27,67,100,17.58
362,Natal,BR,2021-09-20 02:56:54,-5.795,-35.2094,77.65,78,20,10.36
363,Mayumba,GA,2021-09-20 03:00:30,-3.432,10.6554,73.63,84,96,4.07
364,La Fria,VE,2021-09-20 03:00:31,8.2203,-72.2439,73.44,94,85,3.58
365,Mvomero,TZ,2021-09-20 03:00:31,-6.25,38.6667,71.11,92,59,2.46
366,Cidreira,BR,2021-09-20 03:00:32,-30.1811,-50.2056,66.58,97,100,19.37
367,Touros,BR,2021-09-20 02:59:26,-5.1989,-35.4608,77.9,72,75,15.3
368,Samarai,PG,2021-09-20 02:55:45,-10.6167,150.6667,79.34,88,100,15.3
369,Obihiro,JP,2021-09-20 03:00:34,42.9172,143.2044,69.26,52,19,5.75
370,Mopti,ML,2021-09-20 03:00:34,14.6667,-4.0,83.43,63,34,10.63
371,Salinas,US,2021-09-20 02:59:59,36.6777,-121.6555,68.81,84,3,3.42
372,Alice Springs,AU,2021-09-20 03:00:35,-23.7,133.8833,69.35,30,90,10.36
373,Ratnagiri,IN,2021-09-20 03:00:36,16.9833,73.3,78.55,86,91,3.38
374,Padang,ID,2021-09-20 03:00:36,-0.9492,100.3543,86.05,71,87,2.24
375,Hasaki,JP,2021-09-20 03:00:37,35.7333,140.8333,79.2,61,9,16.62
376,Coihaique,CL,2021-09-20 03:00:38,-45.5752,-72.0662,38.21,97,56,6.58
377,Xining,CN,2021-09-20 03:00:39,36.6167,101.7667,55.9,47,0,1.59
378,Chokurdakh,RU,2021-09-20 03:00:40,70.6333,147.9167,33.85,55,81,10.16
379,Port Macquarie,AU,2021-09-20 02:58:55,-31.4333,152.9167,76.96,34,0,8.3
380,Sabzevar,IR,2021-09-20 03:00:41,36.2126,57.6819,70.5,35,0,7.65
381,Clarence Town,AU,2021-09-20 03:00:42,-32.5833,151.7833,79.14,20,0,12.93
382,Anshun,CN,2021-09-20 03:00:42,26.25,105.9333,69.22,62,0,4.14
383,Sayyan,YE,2021-09-20 03:00:43,15.1718,44.3244,61.84,34,63,3.58
384,Iroquois Falls,CA,2021-09-20 03:00:44,48.7669,-80.6831,58.68,53,81,11.27
385,Ribeira Brava,PT,2021-09-20 03:00:45,32.65,-17.0667,72.23,75,47,6.4
386,Salinopolis,BR,2021-09-20 03:00:46,-0.6136,-47.3561,79.12,82,65,10.49
387,Carberry,CA,2021-09-20 03:00:47,49.8689,-99.3602,61.65,43,100,11.01
388,Dingle,PH,2021-09-20 03:00:47,10.9995,122.6711,83.26,78,91,6.33
389,Kawalu,ID,2021-09-20 03:00:48,-7.3817,108.2082,74.82,87,90,4.56
390,Rosarito,MX,2021-09-20 03:00:49,32.3333,-117.0333,68.81,72,0,4.36
391,Smithers,CA,2021-09-20 03:00:46,54.7804,-127.1743,47.23,87,99,3.58
392,Isangel,VU,2021-09-20 03:00:50,-19.55,169.2667,75.04,56,26,13.47
393,Luderitz,NA,2021-09-20 03:00:51,-26.6481,15.1594,52.79,85,22,10.47
394,Vannes,FR,2021-09-20 03:00:52,47.8333,-2.5,51.26,95,42,7.29
395,Zitlala,MX,2021-09-20 03:00:53,17.6333,-99.0833,59.14,95,98,3.58
396,Porangatu,BR,2021-09-20 03:00:53,-13.4408,-49.1486,81.14,18,7,0.96
397,Chumikan,RU,2021-09-20 03:00:54,54.7183,135.315,56.97,43,27,14.99
398,Port Hardy,CA,2021-09-20 03:00:55,50.6996,-127.4199,52.21,92,100,3.98
399,Mandan,US,2021-09-20 02:58:32,46.8267,-100.8896,65.01,46,75,20.71
400,Nome,US,2021-09-20 03:00:55,64.5011,-165.4064,39.16,63,99,16.42
401,Longyearbyen,SJ,2021-09-20 03:00:56,78.2186,15.6401,38.86,95,100,6.71
402,Jonesboro,US,2021-09-20 03:00:57,35.8423,-90.7043,71.67,86,79,7.14
403,Saint-Pierre,RE,2021-09-20 03:00:57,-21.3393,55.4781,64.08,66,20,8.05
404,Djibo,BF,2021-09-20 03:00:58,14.1022,-1.6306,84.2,55,48,11.07
405,Goderich,CA,2021-09-20 02:56:57,43.7501,-81.7165,62.92,63,0,5.75
406,Lodja,CD,2021-09-20 03:00:59,-3.4833,23.4333,67.23,94,100,1.05
407,Bairiki,KI,2021-09-20 03:01:00,1.3292,172.9752,82.62,67,5,12.17
408,Lumeje,AO,2021-09-20 03:01:01,-11.55,20.7833,64.63,69,30,4.16
409,Fairbanks,US,2021-09-20 03:00:05,64.8378,-147.7164,49.6,65,45,1.81
410,Khani,GE,2021-09-20 03:01:02,41.9563,42.9566,54.97,65,41,4.25
411,Birjand,IR,2021-09-20 03:01:02,32.8663,59.2211,70.7,20,0,6.31
412,Acari,PE,2021-09-20 03:01:03,-15.4311,-74.6158,63.3,79,100,4.29
413,Mehamn,NO,2021-09-20 03:01:04,71.0357,27.8492,39.15,81,0,9.22
414,Georgetown,MY,2021-09-20 02:56:20,5.4112,100.3354,84.13,78,20,0.0
415,Kiruna,SE,2021-09-20 03:01:04,67.8557,20.2251,38.32,81,90,11.5
416,Chapais,CA,2021-09-20 03:01:05,49.7834,-74.8492,49.82,71,90,8.01
417,Terrace Bay,CA,2021-09-20 03:00:22,48.7834,-87.1,61.16,94,97,9.46
418,Ekibastuz,KZ,2021-09-20 03:01:06,51.6667,75.3667,42.6,55,8,22.1
419,Rawson,AR,2021-09-20 03:01:04,-43.3002,-65.1023,51.26,54,3,2.68
420,Guayabetal,CO,2021-09-20 03:01:07,4.2147,-73.8172,65.05,95,83,4.83
421,Avera,US,2021-09-20 03:01:07,33.194,-82.5271,76.68,81,100,6.55
422,Steinbach,DE,2021-09-20 03:01:07,50.1667,8.5667,56.35,76,90,6.91
423,Moorhead,US,2021-09-20 03:01:08,46.8739,-96.7676,75.97,71,90,8.99
424,Elbrus,RU,2021-09-20 03:01:08,43.2577,42.6443,46.83,94,96,4.45
425,Caravelas,BR,2021-09-20 03:01:09,-17.7125,-39.2481,70.93,86,60,5.08
426,Werda,BW,2021-09-20 03:01:09,-25.2667,23.2833,59.74,23,12,9.44
427,Qui Nhon,VN,2021-09-20 03:01:10,13.7667,109.2333,82.65,75,100,3.02
428,Chilca,PE,2021-09-20 03:01:10,-12.5211,-76.7372,59.85,85,46,8.95
429,Itarema,BR,2021-09-20 03:01:11,-2.9248,-39.9167,78.19,79,31,15.99
430,Les Cayes,HT,2021-09-20 03:01:12,18.2,-73.75,77.31,74,26,3.4
431,Tiszacsege,HU,2021-09-20 03:01:12,47.7,21.0,46.58,80,100,5.82
432,Port Hedland,AU,2021-09-20 03:01:12,-20.3167,118.5667,95.05,5,57,24.16
433,Mayahi,NE,2021-09-20 03:01:13,13.9553,7.6712,81.39,53,1,7.58
434,Camana,PE,2021-09-20 03:01:13,-16.6228,-72.7111,60.51,84,100,7.02
435,Leshukonskoye,RU,2021-09-20 03:01:14,64.8989,45.7622,38.61,70,100,4.38
436,Krylovskaya,RU,2021-09-20 03:01:14,46.3194,39.9711,62.33,87,42,11.34
437,Porosozero,RU,2021-09-20 03:01:15,62.7191,32.727,30.69,96,8,5.55
438,Sosua,DO,2021-09-20 03:01:15,19.7667,-70.5167,76.23,82,12,7.07
439,Garden City,US,2021-09-20 03:01:16,42.3256,-83.331,70.02,71,1,3.44
440,Rocha,UY,2021-09-20 03:01:09,-34.4833,-54.3333,62.17,99,100,5.3
441,Quang Ngai,VN,2021-09-20 03:01:13,15.1167,108.8,83.95,76,100,3.94
442,Fort Nelson,CA,2021-09-20 03:01:17,58.8053,-122.7002,46.27,66,67,3.83
443,Challapata,BO,2021-09-20 03:01:17,-18.9,-66.7667,50.85,54,3,3.58
444,Vanimo,PG,2021-09-20 03:01:17,-2.6741,141.3028,80.29,83,73,4.97
445,Nuuk,GL,2021-09-20 03:00:16,64.1835,-51.7216,34.81,87,100,12.91
446,Cacequi,BR,2021-09-20 02:56:33,-29.8836,-54.825,68.09,97,78,11.99
447,Aztec,US,2021-09-20 03:01:18,36.8222,-107.9929,71.01,31,19,9.4
448,Sao Joao Da Barra,BR,2021-09-20 03:01:19,-21.6403,-41.0511,74.37,86,100,5.17
449,Neiafu,TO,2021-09-20 03:01:19,-18.65,-173.9833,76.5,75,76,17.05
450,Dwarka,IN,2021-09-20 03:01:20,22.2394,68.9678,82.51,80,9,12.17
451,Kolyvan,RU,2021-09-20 03:01:20,55.3053,82.7391,42.06,68,98,15.59
452,Muroto,JP,2021-09-20 03:01:21,33.2833,134.15,78.94,69,28,13.35
453,Sur,OM,2021-09-20 03:01:21,22.5667,59.5289,83.03,68,0,6.15
454,Kloulklubed,PW,2021-09-20 03:01:22,7.0419,134.2556,86.5,75,96,10.74
455,Sorland,NO,2021-09-20 03:01:22,67.667,12.6934,50.88,76,100,15.95
456,Urumqi,CN,2021-09-20 03:01:23,43.801,87.6005,72.55,25,0,8.95
457,Yulara,AU,2021-09-20 03:01:23,-25.2406,130.9889,79.05,19,6,21.56
458,Alexandria,EG,2021-09-20 02:57:39,31.2156,29.9553,76.96,83,0,5.75
459,Oranjemund,NA,2021-09-20 03:01:24,-28.55,16.4333,57.94,68,100,6.6
460,Kahului,US,2021-09-20 03:01:24,20.8947,-156.47,77.97,81,89,14.61
461,Korolevo,UA,2021-09-20 03:01:25,48.1525,23.1366,46.83,91,17,1.21
462,Neepawa,CA,2021-09-20 03:01:25,50.2289,-99.4664,61.81,47,100,12.95
463,Krutikha,RU,2021-09-20 03:01:26,53.9599,81.2093,40.14,74,100,17.07
464,Abu Dhabi,AE,2021-09-20 02:57:15,24.4667,54.3667,86.11,66,0,3.44
465,Olhao,PT,2021-09-20 03:01:27,37.0286,-7.8411,67.89,77,0,3.44
466,Erdaojiang,CN,2021-09-20 03:01:27,41.7764,126.0319,58.82,94,100,3.87
467,Ormara,PK,2021-09-20 03:01:28,25.2088,64.6357,81.27,84,7,15.35
468,Chaplynka,UA,2021-09-20 03:01:28,46.3651,33.5403,52.57,81,65,7.05
469,Sao Jose Da Coroa Grande,BR,2021-09-20 03:01:29,-8.8978,-35.1478,74.17,80,84,6.53
470,Husavik,IS,2021-09-20 03:01:29,66.0449,-17.3389,47.46,77,100,9.93
471,Chivay,PE,2021-09-20 03:01:30,-15.6383,-71.6011,43.45,91,98,2.57
472,Pacific Grove,US,2021-09-20 03:01:30,36.6177,-121.9166,66.81,88,4,8.01
473,Juneau,US,2021-09-20 03:00:10,58.3019,-134.4197,52.84,94,100,2.57
474,Senanga,ZM,2021-09-20 03:01:31,-16.1167,23.2667,66.18,38,5,5.99
475,Tole,UA,2021-09-20 03:01:32,44.7167,33.8167,62.51,72,4,5.55
476,Belyy Yar,RU,2021-09-20 03:01:32,53.6039,91.3903,51.69,66,0,2.24
477,Kentau,KZ,2021-09-20 03:01:33,43.5206,68.5094,61.66,18,0,10.94
478,Sabang,ID,2021-09-20 02:57:02,5.8933,95.3214,80.51,74,100,15.84
479,Ballina,AU,2021-09-20 02:58:31,-28.8667,153.5667,86.04,47,20,17.27
480,Mannarakkat,IN,2021-09-20 03:01:34,10.9833,76.4667,80.15,89,97,1.95
481,Medea,DZ,2021-09-20 03:01:34,36.2642,2.7539,59.45,59,100,3.24
482,Fort Thomas,US,2021-09-20 03:01:35,39.0751,-84.4472,77.14,80,100,2.91
483,Chandrakona,IN,2021-09-20 03:01:35,22.7333,87.5167,79.59,86,97,4.25
484,Porto Novo,BJ,2021-09-20 03:00:32,6.4965,2.6036,76.15,90,100,4.29
485,Anadyr,RU,2021-09-20 03:01:36,64.75,177.4833,37.9,52,0,4.47
486,Gambo,CF,2021-09-20 03:01:36,4.6482,22.2633,67.48,99,32,1.7
487,Troitskoye,RU,2021-09-20 03:01:37,52.9821,84.6757,44.4,61,18,15.39
488,Cockburn Town,TC,2021-09-20 03:01:37,21.4612,-71.1419,82.78,76,84,16.37
489,Tartus,SY,2021-09-20 03:01:38,34.889,35.8866,70.09,66,0,3.76
490,Behbahan,IR,2021-09-20 03:01:38,30.5959,50.2417,83.98,17,0,3.85
491,Togur,RU,2021-09-20 03:01:39,58.3631,82.8265,36.09,95,100,8.97
492,Melita,CA,2021-09-20 03:01:39,49.2681,-100.9967,59.95,42,100,13.15
493,Gamboma,CG,2021-09-20 03:01:40,-1.8764,15.8644,68.81,89,94,1.9
494,Cherskiy,RU,2021-09-20 03:01:40,68.75,161.3,36.27,46,99,9.86
495,Laguna,US,2021-09-20 03:01:41,38.421,-121.4238,75.38,40,1,1.99
496,Linxia,CN,2021-09-20 03:01:41,35.6003,103.2064,62.83,38,0,1.14
497,Turukhansk,RU,2021-09-20 03:01:42,65.8167,87.9833,40.33,91,100,4.45
498,Umm Lajj,SA,2021-09-20 03:01:42,25.0213,37.2685,82.62,56,19,7.0
499,Honiara,SB,2021-09-20 03:01:43,-9.4333,159.95,83.75,72,100,10.04
500,Saryg-Sep,RU,2021-09-20 03:01:43,51.5,95.6,64.31,33,7,3.83
501,Aurillac,FR,2021-09-20 03:01:44,44.9167,2.45,52.05,99,67,1.01
502,Kondinskoye,RU,2021-09-20 03:01:44,59.6481,67.41,36.68,97,100,12.57
503,Berlevag,NO,2021-09-20 03:01:45,70.8578,29.0864,39.2,76,100,24.61
504,Riyadh,SA,2021-09-20 03:00:00,24.6877,46.7219,77.14,20,5,7.96
505,Cayenne,GF,2021-09-20 03:01:46,4.9333,-52.3333,83.08,81,0,3.0
506,Sola,VU,2021-09-20 03:01:46,-13.8833,167.55,78.69,77,55,24.16
507,Klaksvik,FO,2021-09-20 03:01:46,62.2266,-6.589,50.92,88,40,21.3
508,Jacareacanga,BR,2021-09-20 03:01:47,-6.2222,-57.7528,75.79,73,7,0.51
509,Palmas,BR,2021-09-20 02:58:45,-10.2128,-48.3603,80.47,44,6,3.44
510,Plymouth,US,2021-09-20 03:01:47,41.8334,-70.8328,61.81,91,1,0.0
511,Bosaso,SO,2021-09-20 03:01:48,11.2842,49.1816,89.58,49,55,8.95
512,Nassjo,SE,2021-09-20 03:01:49,57.6531,14.6968,43.72,85,100,6.67
513,Sao Gabriel Da Cachoeira,BR,2021-09-20 03:00:25,-0.1303,-67.0892,75.24,87,61,0.85
514,Oudtshoorn,ZA,2021-09-20 03:01:50,-33.5907,22.2014,51.31,92,3,2.28
515,Malilipot,PH,2021-09-20 03:01:50,13.3188,123.7385,84.9,72,100,5.17
516,Karasuk,RU,2021-09-20 03:01:50,53.7377,78.0403,39.51,83,100,17.54
517,Nicoya,CR,2021-09-20 03:00:35,10.1483,-85.452,76.23,90,100,3.15
518,Nouakchott,MR,2021-09-20 03:01:51,18.0858,-15.9785,82.33,67,11,13.33
519,Ranau,MY,2021-09-20 03:01:52,5.9538,116.6641,79.45,66,91,0.83
520,Stromness,GB,2021-09-20 03:01:52,58.965,-3.296,49.96,87,0,8.19
521,Mackenzie,CA,2021-09-20 03:00:46,55.2999,-123.1698,42.58,95,99,2.53
522,Bograd,RU,2021-09-20 03:01:53,54.2344,90.8328,49.75,69,100,17.45
523,Vysokogornyy,RU,2021-09-20 03:01:54,50.1167,139.15,53.2,46,4,16.44
524,Magistralnyy,RU,2021-09-20 03:01:54,56.1725,107.4458,61.43,53,50,3.49
525,Angoche,MZ,2021-09-20 03:01:55,-16.2325,39.9086,71.24,66,60,10.2
526,La Sarre,CA,2021-09-20 03:01:55,48.8002,-79.1996,58.73,56,60,12.19
527,Victoria Point,AU,2021-09-20 03:01:56,-27.5833,153.3,88.48,66,1,5.01
528,Saint-Augustin,CA,2021-09-20 03:01:56,51.226,-58.6502,46.13,55,0,10.92
529,Cardston,CA,2021-09-20 03:00:24,49.2,-113.3019,50.47,65,89,11.88
530,Islamkot,PK,2021-09-20 03:01:57,24.6997,70.177,84.74,71,69,11.52
531,Cortez,US,2021-09-20 03:01:58,37.3489,-108.5859,67.51,75,7,4.12
532,Illapel,CL,2021-09-20 03:01:58,-31.6308,-71.1653,48.83,92,9,1.63
533,Sarangani,PH,2021-09-20 03:01:59,5.4033,125.4636,81.03,72,100,10.87
534,Kijang,KR,2021-09-20 03:01:59,35.2442,129.2139,74.03,77,100,9.13
535,Shelby,US,2021-09-20 03:02:02,35.2001,-89.8668,75.29,95,51,1.01
536,Kashi,CN,2021-09-20 03:02:03,39.4547,75.9797,78.08,16,0,2.24
537,Rosita,NI,2021-09-20 03:02:05,13.9268,-84.4032,73.71,98,100,1.03
538,Melfi,IT,2021-09-20 03:02:05,40.9965,15.6514,67.23,89,99,6.06
539,Siavonga,ZM,2021-09-20 03:02:06,-16.5382,28.7088,65.84,68,0,6.93
540,Ketchikan,US,2021-09-20 03:02:07,55.3422,-131.6461,50.68,94,37,4.29
541,Arlit,NE,2021-09-20 03:02:11,18.7369,7.3853,88.11,12,30,6.35
542,Porbandar,IN,2021-09-20 03:02:11,21.6422,69.6093,80.58,89,40,4.61
543,Pahrump,US,2021-09-20 03:02:12,36.2083,-115.9839,85.1,20,0,5.01
544,Colimes,EC,2021-09-20 03:02:12,-1.55,-80.0167,75.58,69,96,7.56
545,Coquimbo,CL,2021-09-20 03:01:43,-29.9533,-71.3436,53.89,82,1,6.38
546,Olafsvik,IS,2021-09-20 03:02:13,64.8945,-23.7142,49.77,90,100,11.34
547,Praia Da Vitoria,PT,2021-09-20 03:02:13,38.7333,-27.0667,68.76,78,56,10.87
548,Ornskoldsvik,SE,2021-09-20 03:02:13,63.2909,18.7153,43.75,87,90,3.44
549,Codrington,AU,2021-09-20 03:02:14,-38.2667,141.9667,48.02,79,100,23.53
550,Grand Gaube,MU,2021-09-20 03:02:14,-20.0064,57.6608,67.37,64,30,3.0
551,Waihi,NZ,2021-09-20 03:02:15,-37.3833,175.8333,61.99,62,31,11.3
552,Brae,GB,2021-09-20 03:02:15,60.3964,-1.353,53.51,91,3,12.28
553,Bria,CF,2021-09-20 03:02:16,6.5423,21.9863,67.6,97,100,2.39
554,Medford,US,2021-09-20 03:02:16,42.3265,-122.8756,62.33,68,1,1.01
555,Half Moon Bay,US,2021-09-20 03:02:17,37.4636,-122.4286,69.89,86,20,1.01
556,Ulladulla,AU,2021-09-20 03:02:17,-35.35,150.4667,76.1,36,0,11.77
557,Ponta Do Sol,PT,2021-09-20 03:02:18,32.6667,-17.1,72.23,72,53,5.79
558,Guanajuato,MX,2021-09-20 03:02:18,21.0186,-101.2591,61.32,86,99,3.0
559,Nizhniy Kuranakh,RU,2021-09-20 03:02:19,58.8353,125.4869,42.94,73,100,3.96
560,Kisangani,CD,2021-09-20 03:00:23,0.5167,25.2,67.08,99,97,0.69
561,Port Blair,IN,2021-09-20 03:02:20,11.6667,92.75,83.91,73,100,5.7
562,Balsas,BR,2021-09-20 03:02:20,-7.5325,-46.0356,84.56,32,73,2.68
563,Kamensk-Uralskiy,RU,2021-09-20 03:02:21,56.4185,61.9329,33.39,79,16,12.82
564,Aleksandrov Gay,RU,2021-09-20 03:02:22,50.147,48.5704,47.03,40,74,12.64
565,Tamworth,GB,2021-09-20 03:02:22,52.634,-1.6959,53.38,89,6,1.01
566,Rodez,FR,2021-09-20 03:02:22,44.5,2.5833,55.08,100,90,8.05
567,Hamilton,US,2021-09-20 03:00:30,39.1834,-84.5333,77.72,79,100,2.75
568,Guanambi,BR,2021-09-20 03:00:28,-14.2233,-42.7814,72.7,39,11,5.59
569,Salym,RU,2021-09-20 03:02:23,60.0625,71.4789,35.64,98,100,9.26
570,Teahupoo,PF,2021-09-20 03:02:24,-17.8333,-149.2667,75.16,79,38,16.02
571,Tukrah,LY,2021-09-20 03:02:24,32.5341,20.5791,81.97,36,0,3.27
572,Surt,LY,2021-09-20 03:02:25,31.2089,16.5887,81.64,42,0,10.78
573,Puerto Carreno,CO,2021-09-20 02:59:06,6.189,-67.4859,77.49,87,67,3.22
574,Diffa,NE,2021-09-20 03:02:25,13.3154,12.6113,81.82,45,13,8.1
575,Jalu,LY,2021-09-20 03:02:26,29.0331,21.5482,79.74,35,0,8.23
576,Saint-Francois,FR,2021-09-20 03:02:26,46.4154,3.9054,59.47,100,90,8.05
577,Makungu,TZ,2021-09-20 03:02:27,-8.7333,35.2833,60.12,91,61,3.83
578,Dicabisagan,PH,2021-09-20 03:02:27,17.0818,122.4157,87.96,63,99,4.54
579,Homestead,US,2021-09-20 03:02:21,25.4687,-80.4776,82.0,89,1,3.44
580,Mahon,ES,2021-09-20 03:02:28,39.8885,4.2658,66.76,77,20,3.44
581,Sioux Lookout,CA,2021-09-20 03:02:28,50.1001,-91.917,70.61,82,100,14.58
582,Ambon,ID,2021-09-20 03:01:52,-3.6954,128.1814,78.94,94,75,6.91
583,Almeirim,BR,2021-09-20 03:02:29,-1.5233,-52.5817,77.45,80,93,4.63
584,Vasai,IN,2021-09-20 03:02:29,19.47,72.8,77.09,82,42,6.58
585,Hovd,MN,2021-09-20 03:02:30,48.0056,91.6419,65.77,31,42,7.52
